<?xml version="1.0" encoding="UTF-8"?>
<?xml-stylesheet type="text/xsl" href="http://ivyrep.jayasoft.org/ivy-doc.xsl"?>
<!--
  == Licensed to Julian Hyde under one or more contributor license
  == agreements. See the NOTICE file distributed with this work for
  == additional information regarding copyright ownership.
  ==
  == Julian Hyde licenses this file to you under the Apache License,
  == Version 2.0 (the "License"); you may not use this file except in
  == compliance with the License. You may obtain a copy of the License at:
  ==
  == http://www.apache.org/licenses/LICENSE-2.0
  ==
  == Unless required by applicable law or agreed to in writing, software
  == distributed under the License is distributed on an "AS IS" BASIS,
  == WITHOUT WARRANTIES OR CONDITIONS OF ANY KIND, either express or implied.
  == See the License for the specific language governing permissions and
  == limitations under the License.
  -->
<ivy-module
    version="2.0"
    xmlns:xsi="http://www.w3.org/2001/XMLSchema-instance"
    xmlns:m="http://ant.apache.org/ivy/maven"
    xsi:noNamespaceSchemaLocation="http://ant.apache.org/ivy/schemas/ivy.xsd">
  <info organisation="${ivy.artifact.group}" module="${ivy.artifact.id}-jdk14" revision="${project.revision}">
      <license name="Apache 2.0" url="http://www.apache.org/licenses/LICENSE-2.0"/>
      <ivyauthor name="Julian Hyde" />
      <repository name="pentaho-repository" url="http://repo.pentaho.org/artifactory"/>
      <description homepage="http://olap4j.org">
          olap4j is an open Java API for OLAP.
          Think of it like JDBC, but for accessing multi-dimensional data.
          Olap4j is designed to be a common API for any OLAP server,
          so you can write an application on one OLAP server and easily
          switch it to another. And built on that API, there will be a
          growing collection of tools and components.
      </description>
  </info>
  <configurations>
    <conf name="default"/>
  </configurations>

  <publications>
    <artifact name="${ivy.artifact.id}-jdk14" type="jar" conf="default" />
  </publications>

  <dependencies defaultconf="default->default">

    <dependency org="net.java.dev.javacc" name="javacc" rev="5.0"/>
    <dependency org="asm" name="asm" rev="2.2.3"/>
    <dependency org="asm" name="asm-commons" rev="2.2.3"/>
    <dependency org="retroweaver" name="retroweaver" rev="1.2.4"/>
    <dependency org="retroweaver" name="retroweaver-rt" rev="1.2.4"/>

  </dependencies>
</ivy-module>

<!-- End ivy.xml -->
