<?xml version="1.0" encoding="UTF-8"?>
<?xml-stylesheet type="text/xsl" href="http://ivyrep.jayasoft.org/ivy-doc.xsl"?>
<!--
  == Licensed to Julian Hyde under one or more contributor license
  == agreements. See the NOTICE file distributed with this work for
  == additional information regarding copyright ownership.
  ==
  == Julian Hyde licenses this file to you under the Apache License,
  == Version 2.0 (the "License"); you may not use this file except in
  == compliance with the License. You may obtain a copy of the License at:
  ==
  == http://www.apache.org/licenses/LICENSE-2.0
  ==
  == Unless required by applicable law or agreed to in writing, software
  == distributed under the License is distributed on an "AS IS" BASIS,
  == WITHOUT WARRANTIES OR CONDITIONS OF ANY KIND, either express or implied.
  == See the License for the specific language governing permissions and
  == limitations under the License.
  -->
<ivy-module
    version="2.0"
    xmlns:xsi="http://www.w3.org/2001/XMLSchema-instance"
    xmlns:m="http://ant.apache.org/ivy/maven"
    xsi:noNamespaceSchemaLocation="http://ant.apache.org/ivy/schemas/ivy.xsd">
  <info organisation="${ivy.artifact.group}" module="${ivy.artifact.id}-tck" revision="${project.revision}">
      <license name="Apache 2.0" url="http://www.apache.org/licenses/LICENSE-2.0"/>
      <ivyauthor name="Julian Hyde" />
      <repository name="pentaho-repository" url="http://repo.pentaho.org/artifactory"/>
      <description homepage="http://olap4j.org">
          TCK for olap4j.
      </description>
  </info>
  <configurations>
    <conf name="test"/>
    <conf name="test.transitive"/>
  </configurations>

  <publications>
    <artifact name="${ivy.artifact.id}-tck" type="jar" conf="test" />
  </publications>

  <dependencies defaultconf="test->default">

    <dependency org="org.olap4j" name="olap4j" rev="${project.revision}"
        conf="test.transitive"/>

    <dependency org="log4j" name="log4j" rev="1.2.9"/>

    <dependency org="commons-dbcp" name="commons-dbcp" rev="1.1"/>

    <!--dependency org="hsqldb" name="hsqldb" rev="1.8.0.7"/>
    <dependency org="com.h2database" name="h2" rev="1.3.168"/-->
    <dependency org="mysql" name="mysql-connector-java" rev="5.1.21"/>

    <dependency org="commons-pool" name="commons-pool" rev="1.1"/>

    <dependency org="commons-collections" name="commons-collections" rev="3.2"/>

    <dependency org="commons-vfs" name="commons-vfs" rev="1.0"/>

    <dependency org="commons-logging" name="commons-logging" rev="1.1"/>

    <dependency org="commons-math" name="commons-math" rev="1.1"/>

    <dependency org="javax.servlet" name="servlet-api" rev="2.4"/>

    <dependency org="junit" name="junit" rev="3.8.1"/>

    <!-- OLAP tests dependencies - uses Mondrian -->
    <dependency org="pentaho" name="mondrian" rev="4.0.0-SNAPSHOT" changing="true">
      <exclude org="${ivy.artifact.group}" module="${ivy.artifact.id}"/>
    </dependency>
    <dependency org="pentaho" name="mondrian-data-foodmart" rev="0.9-SNAPSHOT" conf="test->default"/>
  </dependencies>
</ivy-module>

<!-- End ivy-tck.xml -->
